Z1,Z2,Z3,Z4,Z5
1.0198857,-0.39206332,-0.7201012,-0.88398707,-0.108142145
1.4941638,-0.19509295,-1.0153629,-1.233337,-0.11383752
9.3509445,1.606665,1.1517239,14.488786,-1.6241748
1.018149,-0.3907519,-0.7191694,-0.8821695,-0.104030274
1.4941638,-0.19509295,-1.0153629,-1.233337,-0.11383752
1.3050828,3.0475085,5.176632,19.010792,4.2390084
-5.662057,3.222076,0.1765787,4.4702454,-2.9541824
22.753664,17.389975,6.6814733,1.8163221,14.562195
-0.52018243,0.20775181,0.2758747,0.905597,-0.8976061
1.4837445,-0.19387263,-1.0071626,-1.2215683,-0.112654544
-5.2717576,2.5868857,2.824495,5.44159,1.0398935
-4.051866,1.7198656,0.79968596,4.4460073,-0.2638052
0.35335663,-0.06629132,-0.38318184,-0.31287202,0.16748348
-9.445435,4.154779,3.4347873,8.7417555,-0.4678038
1.4448502,-0.20263809,-1.0234541,-1.2186128,-0.16397104
30.877506,-25.011883,-40.223484,37.31668,-65.352455
1.4941638,-0.19509295,-1.0153629,-1.233337,-0.11383752
-14.194672,15.450284,-6.5047917,0.91225016,-22.3995
0.47900566,-0.6200101,-0.78986275,-1.1679162,-0.34655568
-3.5407152,1.6356963,1.8873024,-0.9258127,-2.7142332
1.4966893,-0.09804225,-1.2794071,-1.1037482,-0.018933333
1.1335926,0.019894656,-0.6915213,-0.73470765,0.26798528
9.021355,8.643441,4.703448,20.227259,-2.2936635
1.4829569,-0.21572,-1.0261129,-1.237226,-0.12972361
1.4941638,-0.19509295,-1.0153629,-1.233337,-0.11383752
1.4941638,-0.19509295,-1.0153629,-1.233337,-0.11383752
-77.100075,-14.407792,26.774038,27.4609,-48.75865
1.4941638,-0.19509295,-1.0153629,-1.233337,-0.11383752
-0.67136264,1.8935235,0.8348489,5.318858,5.427051
1.4941638,-0.19509295,-1.0153629,-1.233337,-0.11383752
-5.640137,4.1484313,2.5937345,2.9555662,-1.5699583
1.4941636,-0.19509318,-1.0153629,-1.233337,-0.11383722
1.4941638,-0.19509295,-1.0153629,-1.233337,-0.11383752
1.4941638,-0.19509295,-1.0153629,-1.233337,-0.11383752
1.4941638,-0.19509295,-1.0153629,-1.233337,-0.11383752
1.4102665,-0.2644627,-1.0073438,-1.1158863,-0.09575478
1.4941638,-0.19509295,-1.0153629,-1.233337,-0.11383752
-5.034632,2.663143,1.5775093,3.3802986,-1.3854707
1.4941638,-0.19509295,-1.0153629,-1.233337,-0.11383752
-7.4250026,3.0096045,4.7068553,7.5773354,2.298465
-9.954216,4.158584,7.2441792,10.499426,1.252119
1.4941638,-0.19509295,-1.0153629,-1.233337,-0.11383752
13.161003,-4.775276,8.323572,19.552917,-5.742358
1.4941638,-0.19509295,-1.0153629,-1.233337,-0.11383752
1.4941638,-0.19509295,-1.0153629,-1.233337,-0.11383752
1.4941638,-0.19509295,-1.0153629,-1.233337,-0.11383752
1.4941638,-0.19509295,-1.0153629,-1.233337,-0.11383752
1.4941638,-0.19509295,-1.0153629,-1.233337,-0.11383752
1.4941638,-0.19509295,-1.0153629,-1.233337,-0.11383752
1.4941638,-0.19509295,-1.0153629,-1.233337,-0.11383752
1.4703497,-0.20265129,-1.0249327,-1.2008983,-0.14676127
1.4941638,-0.19509295,-1.0153629,-1.233337,-0.11383752
1.4941638,-0.19509295,-1.0153629,-1.233337,-0.11383752
1.4941638,-0.19509295,-1.0153629,-1.233337,-0.11383752
1.4941638,-0.19509295,-1.0153629,-1.233337,-0.11383752
1.4941638,-0.19509295,-1.0153629,-1.233337,-0.11383752
7.3536,6.3357167,3.5913076,15.7064,-1.8361635
-17.589355,1.5627735,23.309269,37.845802,-11.299578
-13.931956,8.135388,4.840595,12.767853,-2.4592862
-3.6013303,-1.2462761,4.8139987,13.317266,-3.5628812
1.4941638,-0.19509295,-1.0153629,-1.233337,-0.11383752
1.4941638,-0.19509295,-1.0153629,-1.233337,-0.11383752
1.6980425,-0.26973814,-0.90942055,-1.0862254,-0.20037651
1.4941636,-0.19509318,-1.0153629,-1.233337,-0.11383722
1.4941638,-0.19509295,-1.0153629,-1.233337,-0.11383752
-13.58426,1.702908,20.301344,31.900145,-13.833995
1.4941638,-0.19509295,-1.0153629,-1.233337,-0.11383752
1.4941638,-0.19509295,-1.0153629,-1.233337,-0.11383752
1.4941638,-0.19509295,-1.0153629,-1.233337,-0.11383752
1.4941638,-0.19509295,-1.0153629,-1.233337,-0.11383752
1.4832448,-0.1896719,-1.0084879,-1.1983244,-0.13572222
1.4941638,-0.19509295,-1.0153629,-1.233337,-0.11383752
1.4941638,-0.19509295,-1.0153629,-1.233337,-0.11383752
1.4941638,-0.19509295,-1.0153629,-1.233337,-0.11383752
1.4832448,-0.1896719,-1.0084879,-1.1983244,-0.13572222
1.4941638,-0.19509295,-1.0153629,-1.233337,-0.11383752
0.89788646,-0.0065239705,-0.87637436,-0.726373,0.2551943
1.4801785,-0.2072204,-1.0250419,-1.2109517,-0.14191654
1.4941638,-0.19509295,-1.0153629,-1.233337,-0.11383752
1.4941638,-0.19509295,-1.0153629,-1.233337,-0.11383752
1.4941638,-0.19509295,-1.0153629,-1.233337,-0.11383752
1.4815818,-0.21484104,-1.0265863,-1.2379693,-0.13154605
1.4941471,-0.17718875,-1.0519297,-1.2209207,-0.14473075
11.092751,3.3175888,-11.416782,10.664788,-0.22631553
1.4812592,-0.21119404,-1.0268888,-1.2369862,-0.12937751
-6.6409383,2.4799173,1.8650161,4.822719,-9.611878
1.4816104,-0.19193807,-1.0118822,-1.1837729,-0.14908454
1.4754038,-0.21301213,-1.0206113,-1.223751,-0.13909364
1.4753683,-0.21381852,-1.0196544,-1.2248057,-0.13638139
1.4941638,-0.19509295,-1.0153629,-1.233337,-0.11383752
1.4513608,-0.21991536,-1.0239351,-1.2121614,-0.15848601
1.4941638,-0.19509295,-1.0153629,-1.233337,-0.11383752
1.4941638,-0.19509295,-1.0153629,-1.233337,-0.11383752
1.4941638,-0.19509295,-1.0153629,-1.233337,-0.11383752
1.4941636,-0.19509318,-1.0153629,-1.233337,-0.11383722
-49.329216,-0.055880312,3.529896,-18.392601,-30.682552
1.4941638,-0.19509295,-1.0153629,-1.233337,-0.11383752
1.4941638,-0.19509295,-1.0153629,-1.233337,-0.11383752
1.482437,-0.21528196,-1.0263075,-1.2374623,-0.12989181
1.293933,-0.29680333,-1.1510564,-1.1838402,-0.1851919
1.4832448,-0.1896719,-1.0084879,-1.1983244,-0.13572222
1.465412,-0.20968509,-0.9697695,-1.0569129,-0.080302306
-1.0464257,1.7849993,0.76612806,5.3811355,5.3934956
-2.2622104,2.5667267,1.3984923,7.573951,7.0988016
-2.1363428,2.4298096,1.2361579,7.077991,6.5295706
1.4813149,-0.24173364,-1.0241439,-1.2311156,-0.13490707
1.4809922,-0.21290132,-1.0291469,-1.1994189,-0.16990876
1.4811587,-0.21395266,-1.0278704,-1.1992255,-0.16767359
1.4819111,-0.21590409,-1.0254129,-1.2330363,-0.16014245
6.22171,2.7602084,-1.4139591,5.6277122,-0.8739236
1.4837445,-0.19387263,-1.0071626,-1.2215683,-0.112654544
1.4837445,-0.19387263,-1.0071626,-1.2215683,-0.112654544
0.9824034,-0.124639034,-0.8148042,-0.9680952,0.37671477
1.4816104,-0.19193807,-1.0118822,-1.1837729,-0.14908454
-10.278379,2.9966187,0.07090783,6.193157,-0.7106729
1.4770099,-0.18553197,-0.9961336,-1.1892104,-0.13408309
1.1416863,-0.10374004,-0.8793117,-1.0001372,0.031597547
1.4816104,-0.19193807,-1.0118822,-1.1837729,-0.14908454
1.4816104,-0.19193807,-1.0118822,-1.1837729,-0.14908454
1.4816104,-0.19193807,-1.0118822,-1.1837729,-0.14908454
1.4816104,-0.19193807,-1.0118822,-1.1837729,-0.14908454
1.4829669,-0.21572277,-1.0260885,-1.2372644,-0.1297152
1.48274,-0.21513626,-1.0266027,-1.2373366,-0.1305925
1.4819685,-0.21520647,-1.0257555,-1.2332548,-0.16101265
1.214827,-0.48289192,-1.0480435,-1.4023913,-0.12223021
1.0839156,-0.62371624,-1.0723302,-1.5068626,-0.14826971
1.4828464,-0.21462548,-1.0273818,-1.2374331,-0.13199589
1.4816103,-0.19193795,-1.0118821,-1.1837733,-0.14908457
1.4866973,-0.1818673,-1.0182345,-1.232267,-0.1101521
1.4816104,-0.19193807,-1.0118822,-1.1837729,-0.14908454
1.48818,-0.19829932,-1.0130459,-1.226428,-0.11495937
1.4231249,-0.26796168,-1.0139173,-1.1317233,-0.0811603
1.4832448,-0.1896719,-1.0084879,-1.1983244,-0.13572222
1.2503915,-0.19055295,-0.9438016,-1.1104386,-0.06105206
-9.256596,6.7592797,6.9984794,2.3933666,-2.424995
-1.9365629,0.69842803,1.7196329,0.673098,-1.5208479
-0.592769,2.464523,-1.8459297,-7.0327625,-18.695671
5.2307963,-0.58841527,0.50624615,4.5137267,0.09353741
-3.2318728,9.236617,8.8648,2.0288649,-6.708139
0.78701067,-1.4833047,-2.6170948,-0.389972,-1.2179329
-4.057196,2.1765468,2.7519548,6.3925734,3.3470101
1.0245212,-0.1633445,-0.9009702,-0.9030063,0.048103027
1.4837445,-0.19387263,-1.0071626,-1.2215683,-0.112654544
-0.64589083,1.8780606,0.820618,5.2733846,5.376494
-5.1300035,-1.3873558,18.357998,22.206306,-10.08243
1.221364,-0.17641756,-0.87093556,-0.94341695,-0.00033134967
-8.904682,4.8878884,6.859665,4.5315523,-0.10364989
-1.4476923,2.0292184,0.86400324,6.074836,5.9422555
1.4941638,-0.19509295,-1.0153629,-1.233337,-0.11383752
-5.70304,5.3077197,15.028266,36.01083,-11.376122
1.4816104,-0.19193807,-1.0118822,-1.1837729,-0.14908454
1.4941638,-0.19509295,-1.0153629,-1.233337,-0.11383752
0.5325649,-0.12443018,-0.6988131,-0.41409823,0.11488833
-5.0254745,1.9664464,-1.4851784,-10.602665,-8.204537
-7.5381694,3.2194762,4.0847697,9.140667,0.31136766
-5.8484607,3.0408719,2.873158,4.6376925,-2.3125417
-4.40945,4.2488093,2.7301416,11.840605,8.809291
-15.921596,17.903257,10.50374,15.135144,0.016377173
-2.9128847,26.094418,7.635498,55.70717,-3.3752215
-6.1303015,8.396382,3.7721524,6.92229,-2.4360714
-7.952269,1.0337282,4.794185,6.171242,0.73797816
6.8694777,-8.788808,38.69164,41.622852,-24.945995
-5.9723268,1.9748118,3.3850071,5.757467,1.4049532
-43.61886,-39.501785,30.117195,10.938305,1.8680322
-11.914232,11.386895,9.009798,2.104857,-3.331032
1.4845191,-0.1923896,-1.0092854,-1.2225347,-0.11110199
-10.728904,1.7649131,7.7360325,12.47184,2.5342605
5.427688,-0.6546898,0.81866264,4.6478353,0.11889323
1.4941638,-0.19509295,-1.0153629,-1.233337,-0.11383752
0.7376487,-0.4270442,-1.208882,-1.5566155,-0.86630446
1.4941638,-0.19509295,-1.0153629,-1.233337,-0.11383752
-8.179629,1.6388494,5.407505,7.153387,1.9458865
-1.7407618,0.8144405,0.8663411,-0.08453614,-0.93055266
-6.900559,2.778112,3.9191983,6.463837,0.42079744
-1.0509017,-22.41145,-3.230387,104.17474,-5.171857
1.4816104,-0.19193807,-1.0118822,-1.1837729,-0.14908454
1.3733681,-0.16572973,-0.92413753,-0.96800625,-0.021049269
0.21731767,-18.120821,-12.576499,14.092292,7.445763
-12.037819,11.706431,9.28316,2.3684182,-3.288756
1.4941638,-0.19509295,-1.0153629,-1.233337,-0.11383752
1.3273139,-0.17709282,-0.88504046,-1.0277323,0.0075647756
1.4941638,-0.19509295,-1.0153629,-1.233337,-0.11383752
1.4941638,-0.19509295,-1.0153629,-1.233337,-0.11383752
3.9862995,18.028206,-7.4428573,-0.8005158,7.9635434
0.46658984,-0.6618619,-0.816131,-1.2638128,-0.45248935
-13.5487795,7.407177,9.190482,6.6783876,-0.1803365
8.866514,-0.094978094,1.1872174,13.045963,0.092388354
1.4816104,-0.19193807,-1.0118822,-1.1837729,-0.14908454
-32.364155,15.234598,1.9147117,27.815554,-73.59866
-3.3115416,2.6865828,2.394779,0.3789027,-1.2248247
-11.716137,11.229939,9.052727,2.9940543,-3.1918766
1.4941636,-0.19509318,-1.0153629,-1.233337,-0.11383722
1.4941638,-0.19509295,-1.0153629,-1.233337,-0.11383752
1.1559099,-0.14788222,-0.911791,-0.97601414,0.012775473
1.4941638,-0.19509295,-1.0153629,-1.233337,-0.11383752
-0.526434,1.910802,0.6750916,4.996082,5.1298475
6.0024123,-1.2123666,1.0793205,8.3631115,-0.008289851
30.478249,6.875289,42.01151,63.839493,-25.983305
-4.2859087,2.8488915,1.6522888,6.828618,-2.1464076
9.972308,0.34541047,3.126457,16.099504,-1.7903476
-15.126023,23.191177,-20.570446,25.122007,-16.819117
1.4941638,-0.19509295,-1.0153629,-1.233337,-0.11383752
-0.53904516,1.9151453,0.63727224,5.0049424,5.1046095
1.4941638,-0.19509295,-1.0153629,-1.233337,-0.11383752
1.4941638,-0.19509295,-1.0153629,-1.233337,-0.11383752
1.4941638,-0.19509295,-1.0153629,-1.233337,-0.11383752
4.497324,-0.10373634,-3.6411982,1.1758293,-1.7035588
-15.366332,17.76012,10.112765,14.664608,0.28999564
-0.5367155,1.9081479,0.6344673,5.0287066,5.1039963
-5.225368,3.578069,0.14597496,5.6565924,-0.15660363
-1.0048889,-45.906105,86.24103,75.79436,-27.89218
-1.7744931,0.86604965,0.8904512,-0.10997217,-0.95625156
1.4941638,-0.19509295,-1.0153629,-1.233337,-0.11383752
1.445867,-0.19482684,-0.99663985,-1.1514325,-0.07991693
1.46923,-0.17108068,-1.0690225,-1.1615496,-0.11400118
1.4941638,-0.19509295,-1.0153629,-1.233337,-0.11383752
-2.1254132,2.491287,1.3087233,7.3834343,6.9884377
1.4837445,-0.19387263,-1.0071626,-1.2215683,-0.112654544
-9.153391,5.3113832,2.056055,9.306335,-0.5673062
7.4550567,0.4446658,1.243917,11.19132,-1.764553
1.4941638,-0.19509295,-1.0153629,-1.233337,-0.11383752
1.4941638,-0.19509295,-1.0153629,-1.233337,-0.11383752
1.460843,-0.21101186,-1.014469,-1.2189783,-0.11546744
1.4941636,-0.19509318,-1.0153629,-1.233337,-0.11383722
-5.315393,0.6151325,3.2998598,4.121974,-2.0360303
-10.5370245,0.11708975,17.83052,29.478851,-17.841665
0.4697335,-0.123213574,-0.6171433,-0.39398965,0.15025675
1.4941638,-0.19509295,-1.0153629,-1.233337,-0.11383752
1.2935809,-0.33932203,-1.0971379,-1.2707986,-0.12545508
1.4227296,-0.2684221,-1.0144777,-1.1322113,-0.08077959
38.968296,-26.04139,13.705716,44.538067,8.0233135
1.4815899,-0.21809134,-1.0581708,-1.1919613,-0.118184246
-14.724446,14.53058,12.004479,1.015829,-3.0065
-0.5908194,1.9258385,0.71239007,5.0777845,5.182277
1.4816104,-0.19193807,-1.0118822,-1.1837729,-0.14908454
-11.442453,3.524647,-1.8568516,-18.894798,-14.663646
5.583144,2.1726496,21.078169,25.468777,3.0422084
1.4941638,-0.19509295,-1.0153629,-1.233337,-0.11383752
6.63761,4.901754,1.1184522,15.276724,-2.949754
1.4837445,-0.19387263,-1.0071626,-1.2215683,-0.112654544
-2.2241778,2.482451,1.3986999,7.1907005,6.515897
-5.2660193,1.5228391,2.2001615,4.854952,-0.18677512
-5.6399264,3.0641134,2.9047043,5.2897425,0.22160408
1.4941638,-0.19509295,-1.0153629,-1.233337,-0.11383752
-7.13522,2.20462,-1.5731825,-12.118194,-9.364331
1.4941638,-0.19509295,-1.0153629,-1.233337,-0.11383752
-16.963818,17.76035,14.809649,-1.3610526,-3.6245804
-3.3757496,2.7535164,2.4595525,0.37435994,-1.2454741
-2.5968957,-0.27910513,-1.4892869,7.002769,-1.35779
1.3604234,-0.19972539,-0.8787442,-1.0256665,-0.044754304
1.0764302,-0.1741949,-0.8815173,-0.94804955,0.01970639
1.4567859,-0.20631963,-1.055799,-0.96456456,-0.04749445
-1.5040861,2.4914281,-0.15777057,2.6319485,-0.41451755
1.482881,-0.21563542,-1.0260437,-1.2373862,-0.12979347
-32.514503,13.786992,27.914604,-14.655441,-67.52932
0.9940765,0.8101573,-2.0756085,-0.3801861,0.5436375
-2.0452287,0.99103534,1.0389975,0.41262373,-1.7497051
-1.4406813,2.0306687,0.84544665,6.0880976,5.96708
1.2913393,-0.08187875,-0.82523584,-0.973997,-0.12435355
-24.990292,13.5502405,0.5052526,22.301857,-56.668266
96.38919,-36.680233,22.022816,67.37153,-85.225815
0.6713394,0.29070142,-0.41738516,-0.6984085,-0.0650335
1.4941638,-0.19509295,-1.0153629,-1.233337,-0.11383752
1.4941638,-0.19509295,-1.0153629,-1.233337,-0.11383752
-9.729535,-0.7176139,0.16183126,8.430237,-2.1866403
9.934944,7.608218,2.6991603,19.755646,-2.5702205
-7.883948,2.9013958,5.4832153,7.08754,-0.10046045
-5.573855,2.6602867,1.1497895,5.712078,-1.7941983
-0.6863309,-0.28786588,5.2531056,13.981219,4.246314
-2.460549,1.358012,1.8352144,6.0438547,3.1654098
1.2935809,-0.33932203,-1.0971379,-1.2707986,-0.12545508
0.38157845,-0.2796636,-0.62694925,-1.2091144,-0.5469171
-4.5551124,1.627084,3.3081715,2.7171793,-0.83826536
1.4941638,-0.19509295,-1.0153629,-1.233337,-0.11383752
-2.1711152,1.2337179,1.7815471,0.3884682,-1.6145582
1.416364,-0.1975084,-0.9814698,-1.2180701,-0.1319555
1.4941638,-0.19509295,-1.0153629,-1.233337,-0.11383752
-14.049498,10.265788,7.0652094,17.71949,-20.577578
1.3044616,0.009547558,-0.98142385,-0.81986743,0.05204829
1.4809517,-0.2236847,-1.036163,-1.2349454,-0.14097804
1.4941638,-0.19509295,-1.0153629,-1.233337,-0.11383752
-12.338696,11.621009,9.440237,2.6640499,-3.1290932
0.2308717,-0.540274,-0.9779947,-1.4545232,-0.6219033
-6.641236,4.671686,-0.62833226,7.0373807,-3.1912246
-13.971027,7.7024446,9.597974,7.490327,0.0036103353
-16.720417,18.183245,10.7560425,15.34535,-0.03161291
-6.9624343,1.5881547,4.4934235,5.535369,1.0128452
1.4941636,-0.19509318,-1.0153629,-1.233337,-0.11383722
-5.8659205,-6.909229,2.7890139,3.1136599,3.4047232
-8.608891,0.25209606,6.013869,7.920683,-2.8258696
-4.6627727,1.9435928,-1.3917538,-10.089184,-7.838271
1.2022475,-0.17560449,-0.8632091,-0.95752156,0.020698749
1.4941638,-0.19509295,-1.0153629,-1.233337,-0.11383752
-1.0464271,-6.3628616,26.47351,44.400703,-29.652029
-8.189825,2.132543,4.5340266,7.079918,-0.39036313
1.4941638,-0.19509295,-1.0153629,-1.233337,-0.11383752
1.4941638,-0.19509295,-1.0153629,-1.233337,-0.11383752
-5.6761374,2.486811,2.6523433,5.9754543,1.0555716
-2.3271163,2.076062,0.5264827,1.4615546,-0.12374177
1.4941638,-0.19509295,-1.0153629,-1.233337,-0.11383752
-4.5974164,1.7707281,3.2191932,1.909596,-2.6113503
1.4941638,-0.19509295,-1.0153629,-1.233337,-0.11383752
-1.5200436,2.0436072,0.942344,6.290124,6.1273785
0.9358974,-2.2771566,-1.6027789,0.7747482,-0.3109657
1.4941638,-0.19509295,-1.0153629,-1.233337,-0.11383752
-6.3162503,3.5282319,0.62147534,5.553442,-2.848944
-0.6848214,1.1031967,-0.27141201,0.8138365,-0.015697367
-12.80031,15.187145,-6.974978,1.1762544,-21.053108
-5.453338,1.1232692,2.4993482,5.264494,-0.16939738
1.4941638,-0.19509295,-1.0153629,-1.233337,-0.11383752
-1.3233348,0.45486045,0.38657248,0.5037663,-0.028355852
1.4787275,-0.177926,-1.0141866,-1.1708866,-0.093935795
1.4787766,-0.20762748,-1.0228724,-1.2108967,-0.13931885
-2.080427,1.128846,1.6429517,0.40876743,-1.4370309
-13.14801,12.310163,9.8838825,3.3140771,-3.2710333
-0.75373936,-29.670418,-12.305379,-1.4065543,-8.174598
1.4226665,-0.26841408,-1.0145143,-1.132229,-0.08073699
1.4623059,-0.21097305,-1.0127606,-1.2168771,-0.14269674
1.2852448,-0.15885088,-0.8373735,-0.8830461,-0.014837988
-7.8566475,-2.3433995,15.619988,26.568981,-21.671093
-7.9611077,4.2116957,0.30559203,6.5609636,-2.3556697
0.003116794,0.81433153,-1.5285985,-1.4719932,-0.17950478
0.07619117,-0.47515905,-0.5682826,-0.31960788,0.10187904
-0.6923695,1.8890079,0.9030862,5.370455,5.4740496
1.4837445,-0.19387263,-1.0071626,-1.2215683,-0.112654544
3.2147436,-0.29897827,-2.550749,0.24943456,-0.77624047
1.4941638,-0.19509295,-1.0153629,-1.233337,-0.11383752
-13.545767,7.7393756,9.304607,6.851145,-0.1507571
1.0153663,-0.16569611,-0.8999673,-0.90480256,0.05775466
-13.079242,7.6218085,9.05791,6.9342117,-0.07597331
-8.936251,2.1554325,4.616371,6.8247695,0.16920957
-1.6502975,2.070755,1.0475326,6.315814,6.0546665
-0.32445657,0.35082167,-0.16616946,0.39020163,0.24627742
1.4941638,-0.19509295,-1.0153629,-1.233337,-0.11383752
0.502195,-0.5939899,-0.7747071,-1.1736267,-0.31744754
-2.4858675,2.7507262,5.535086,2.5398197,-6.070813
-11.230598,1.9618976,8.360605,13.643835,3.5724962
-5.3326583,3.3595335,0.9971651,5.499645,-1.879748
1.4941638,-0.19509295,-1.0153629,-1.233337,-0.11383752
-3.29342,0.78105,1.6335322,1.1515224,-0.54255694
1.4941638,-0.19509295,-1.0153629,-1.233337,-0.11383752
-2.4683502,0.042667504,0.5091829,2.4826226,-1.071213
1.4869688,-0.20792809,-1.0272804,-1.2346348,-0.123720266
-5.9345956,2.2105715,3.2753334,5.1980286,0.6075806
-13.041927,7.4452577,8.843606,6.0568285,-0.44688037
1.5056766,-0.22333544,-1.1010207,-1.2051893,-0.13031599
1.4941638,-0.19509295,-1.0153629,-1.233337,-0.11383752
-10.988718,0.80879426,18.762367,30.073292,-15.1608
1.4837445,-0.19387263,-1.0071626,-1.2215683,-0.112654544
4.753098,4.1384845,1.4126569,9.752203,-0.985333
-2.5330865,1.5225158,0.81097484,0.25599322,-1.9041858
1.2935811,-0.33932203,-1.0971379,-1.2707986,-0.12545499
-3.2671351,-4.9956045,-2.1391091,-4.148685,-3.2226489
-11.963393,11.352556,9.003857,2.350737,-3.2786174
-15.020636,14.745887,12.064088,0.3002409,-3.3186922
-10.092127,-7.5870967,-1.3494823,-5.4561687,-13.851405
-0.986025,1.4141898,-2.2370703,2.4435616,-1.1554732
-4.0539365,4.1886277,2.7355294,11.196423,8.541312
1.4941638,-0.19509295,-1.0153629,-1.233337,-0.11383752
1.4837445,-0.19387263,-1.0071626,-1.2215683,-0.112654544
-4.464975,4.090428,2.9636781,11.676189,8.908775
1.4941638,-0.19509295,-1.0153629,-1.233337,-0.11383752
1.4941638,-0.19509295,-1.0153629,-1.233337,-0.11383752
1.4818398,-0.21148753,-1.0490386,-1.1618505,-0.111318834
-5.137412,5.341334,2.7112763,12.840187,8.531714
-10.472449,12.550574,-6.961604,-1.1214303,-19.114681
27.106302,25.27153,17.422838,69.25561,-12.195725
1.4941638,-0.19509295,-1.0153629,-1.233337,-0.11383752
1.4845191,-0.1923896,-1.0092854,-1.2225347,-0.11110199
-2.537553,1.4914123,0.75536805,0.26887092,-1.8477229
-3.0796375,2.4470723,0.6008194,3.7927003,-0.52878207
1.4941638,-0.19509295,-1.0153629,-1.233337,-0.11383752
1.4828063,-0.21582738,-1.0262253,-1.2370844,-0.12968403
35.50601,-25.10564,11.472882,41.43643,8.496896
-2.1742764,1.8831267,0.23296833,2.3059974,-0.49128202
1.4941638,-0.19509295,-1.0153629,-1.233337,-0.11383752
1.4816104,-0.19193807,-1.0118822,-1.1837729,-0.14908454
1.471495,-0.20402563,-1.0706576,-1.0934182,-0.3312938
-15.985129,17.986252,10.556145,15.313544,0.32599327
1.4816104,-0.19193807,-1.0118822,-1.1837729,-0.14908454
-5.6559625,-1.1548845,5.030203,6.517644,-0.35228726
-16.858522,18.65269,10.839826,15.117081,0.0634236
5.423141,-0.6618838,0.813269,4.6475887,0.10774811
-1.9146188,0.694774,1.7208462,0.63565195,-1.5344704
1.4941638,-0.19509295,-1.0153629,-1.233337,-0.11383752
-12.426046,11.871108,9.462986,2.3011346,-3.3389647
1.0253179,-0.16318265,-0.9011894,-0.9029994,0.046820454
1.4941638,-0.19509295,-1.0153629,-1.233337,-0.11383752
1.4799813,-0.20943367,-1.0260508,-1.2363592,-0.1331478
-1.31059,1.8438303,-0.011408092,2.4307535,-0.47166
1.4837445,-0.19387263,-1.0071626,-1.2215683,-0.112654544
1.4941638,-0.19509295,-1.0153629,-1.233337,-0.11383752
0.2086874,-0.38771227,-0.67788094,-0.70063156,-0.25265875
-11.313062,-11.563497,13.662161,-3.6524358,-11.335139
1.4941638,-0.19509295,-1.0153629,-1.233337,-0.11383752
1.4352185,-0.16830748,-0.9303736,-1.0767212,-0.09050728
1.2493219,-0.20912024,-0.94575065,-1.0865347,-0.07463486
-1.627791,2.0549285,1.1416521,6.2697544,5.973344
1.4863845,-0.23325306,-1.0635301,-1.1903604,-0.13089952
1.4816104,-0.19193807,-1.0118822,-1.1837729,-0.14908454
1.1576792,-0.14639604,-0.91147286,-0.97902656,0.012702577
0.8940569,-0.8175482,-1.1259468,-1.6631047,-0.2326349
-4.0093875,4.5103555,2.85119,11.416315,8.6558485
-3.3157394,-1.4925933,3.2213013,10.185957,-3.887243
1.8783773,0.6197865,-1.6176978,-0.9156432,-0.59154326
-10.66791,5.387782,4.2691975,11.5123,-0.5244888
1.4941638,-0.19509295,-1.0153629,-1.233337,-0.11383752
1.4941638,-0.19509295,-1.0153629,-1.233337,-0.11383752
1.4832448,-0.1896719,-1.0084879,-1.1983244,-0.13572222
1.1904919,-0.08288294,-1.0123347,-1.17327,0.10077935
1.4944067,-0.19874045,-1.016312,-1.2331474,-0.112188585
1.4941638,-0.19509295,-1.0153629,-1.233337,-0.11383752
1.1556855,-0.084209055,-0.8833356,-1.00534,0.04865264
1.2529037,-0.46707118,-0.9996468,-1.4869047,-0.12397569
-7.7755427,2.5155163,4.792074,7.1769547,0.4247323
-0.33425212,-0.60326904,-0.86618507,-0.9337944,-0.92775315
-5.8851547,-0.59200275,5.641159,7.2805595,0.08356836
-3.1311102,2.3419235,5.321318,1.7136952,-5.8050046
1.4816104,-0.19193807,-1.0118822,-1.1837729,-0.14908454
1.4033643,-0.0014627315,-1.0017195,-0.9028598,0.005835198
1.4941638,-0.19509295,-1.0153629,-1.233337,-0.11383752
-4.2709093,0.95520306,1.5085633,5.0251284,-1.6796235
1.4941638,-0.19509295,-1.0153629,-1.233337,-0.11383752
1.0105766,-0.15795895,-0.89480287,-0.9030316,0.053499065
-4.432175,4.2859635,3.1977193,11.828577,8.89372
-1.9161981,2.8459828,-0.5776119,-1.91755,-3.1329155
1.4941638,-0.19509295,-1.0153629,-1.233337,-0.11383752
1.4769065,-0.20562857,-1.0229709,-1.2194829,-0.13984823
1.4816104,-0.19193807,-1.0118822,-1.1837729,-0.14908454
1.4944067,-0.19874045,-1.016312,-1.2331474,-0.112188585
1.4941638,-0.19509295,-1.0153629,-1.233337,-0.11383752
-16.780622,-21.92143,12.552006,-6.629705,-15.123434
-6.6536727,6.084958,3.0603158,10.694765,3.1001992
0.17735563,0.22466998,-0.34017712,0.22743124,0.3099579
-4.6251,4.5820594,3.1239088,12.034345,8.754472
0.9847523,-0.13763246,-0.949717,-0.1274372,0.28268233
-7.0420985,3.9548686,0.82469624,5.9060583,-2.265349
1.4926335,-0.22482735,-1.0635136,-1.1965891,-0.122624345
1.4716191,-0.20215747,-1.0270598,-1.2011538,-0.1494093
-1.9767729,1.7573253,0.046358302,1.6716343,-0.3133326
1.4941638,-0.19509295,-1.0153629,-1.233337,-0.11383752
-14.161504,10.640477,0.5799644,15.361878,-10.508745
1.4941638,-0.19509295,-1.0153629,-1.233337,-0.11383752
1.4941638,-0.19509295,-1.0153629,-1.233337,-0.11383752
-1.7704341,-0.82046306,-0.2163387,0.0968565,-1.8978109
0.59627557,0.7483861,-1.1062229,-1.0649043,0.22139749
1.4735059,-0.20551217,-1.0208287,-1.2085694,-0.14919084
-8.534707,-0.5151305,16.466417,28.003128,-20.320322
1.4816104,-0.19193807,-1.0118822,-1.1837729,-0.14908454
-1.8323208,1.6153014,-0.009347351,1.9692179,-0.34720472
1.4941638,-0.19509295,-1.0153629,-1.233337,-0.11383752
-7.595047,3.768131,3.4917407,6.88612,0.42810497
1.1101228,-0.27145797,-1.0937611,-0.45074645,0.36308402
-4.553858,2.3193367,3.0486255,2.0115817,-1.6373968
-11.479403,10.861214,8.625192,2.581587,-3.2115529
1.4941638,-0.19509295,-1.0153629,-1.233337,-0.11383752
-10.417101,4.542058,6.134266,11.404327,1.8256235
0.78170455,-0.52611756,-1.0500275,-1.4322768,-0.33251402
1.3497986,-0.33740222,-1.0343003,-1.3063828,-0.0950659
-5.628368,1.8947062,2.9320304,4.9112883,0.4021008
1.4941638,-0.19509295,-1.0153629,-1.233337,-0.11383752
-16.105787,15.423589,12.990975,2.5537796,-2.561106
-7.6308475,5.5612016,4.325318,7.1617823,0.47373614
1.4825755,-0.21871966,-1.0278087,-1.2369732,-0.12945148
1.4267088,-0.07364598,-0.8705842,-1.0555311,0.05427327
-11.859817,-0.7880721,0.7849667,11.636642,-23.647696
1.4816104,-0.19193807,-1.0118822,-1.1837729,-0.14908454
1.4434594,-0.21065614,-1.0600678,-1.2358843,-0.18136504
1.4837418,-0.19465023,-1.0073358,-1.2215577,-0.11227525
0.6922877,-0.56885874,-0.94016755,-1.2980076,-0.34843582
1.4941638,-0.19509295,-1.0153629,-1.233337,-0.11383752
-16.137728,16.50795,13.993955,-0.26794514,-2.88125
1.4941638,-0.19509295,-1.0153629,-1.233337,-0.11383752
0.98142135,-0.13253969,-0.94917715,-0.13035476,0.28202233
1.2147888,-0.17856511,-0.70821214,-0.76155096,0.07643526
1.1533955,-0.14904973,-0.91061294,-0.9752617,0.014853977
0.8940569,-0.8175482,-1.1259468,-1.6631047,-0.2326349
1.4832448,-0.1896719,-1.0084879,-1.1983244,-0.13572222
1.4941636,-0.19509318,-1.0153629,-1.233337,-0.11383722
1.4816103,-0.19193795,-1.0118821,-1.1837733,-0.14908457
1.4941638,-0.19509295,-1.0153629,-1.233337,-0.11383752
23.877195,11.625272,43.723267,64.890076,-90.99193
-2.364276,1.5237569,-2.0957284,-1.4810568,-0.92711896
1.4837445,-0.19387263,-1.0071626,-1.2215683,-0.112654544
1.483733,-0.19698218,-1.0078554,-1.2215259,-0.11113722
-4.03574,3.6277606,2.721285,10.969998,8.570833
-3.7404609,13.419102,4.479468,24.967813,0.9990368
1.4941638,-0.19509295,-1.0153629,-1.233337,-0.11383752
1.4941638,-0.19509295,-1.0153629,-1.233337,-0.11383752
0.8735699,0.04878616,-0.6360753,-0.33381423,-0.5014618
1.4845043,-0.20274684,-1.0138787,-1.2360722,-0.12031997
1.4941638,-0.19509295,-1.0153629,-1.233337,-0.11383752
-13.133966,12.154994,9.652449,2.7504652,-3.1755843
-7.738399,4.6408567,-3.9808943,6.140542,0.7561947
1.4588028,-0.18343794,-0.92721665,-1.092698,-0.093038626
-4.4122653,3.7498405,8.293948,3.2669141,-10.141996
-4.7513885,1.5831591,0.77129656,2.6464775,-4.956085
-15.495197,0.0565381,1.3886225,14.540041,-3.1779528
1.4941638,-0.19509295,-1.0153629,-1.233337,-0.11383752
1.002719,-0.13899681,-0.8269535,-0.58034337,0.050293036
-2.042221,2.4642076,1.3169721,7.2227716,6.7859936
-11.072122,-0.16324306,18.414549,30.824377,-17.515207
1.4941638,-0.19509295,-1.0153629,-1.233337,-0.11383752
1.3816427,-0.23394156,-1.0603126,-1.0647697,-0.10435165
-9.090349,7.0305142,4.5774,10.837065,0.18167803
0.9696841,0.13736519,-0.7579665,-0.7108725,-0.12610742
1.2575327,-0.19231072,-0.85890245,-0.9947063,0.01774352
1.4941638,-0.19509295,-1.0153629,-1.233337,-0.11383752
1.4816104,-0.19193807,-1.0118822,-1.1837729,-0.14908454
-8.99271,3.2798574,3.6492841,8.014192,-0.7174038
1.4788942,-0.17806533,-1.013997,-1.1708561,-0.09400902
-16.264097,24.955671,-20.566847,27.448523,-17.151972
1.4871155,-0.20773801,-1.0278584,-1.2347304,-0.12446924
1.1931174,-0.080827236,-1.0135098,-1.1706164,0.09646129
-8.437596,-50.675255,34.024647,-7.828715,-47.37004
1.4356996,-0.25655204,-1.0145417,-1.1558349,-0.087813474
1.4941638,-0.19509295,-1.0153629,-1.233337,-0.11383752
1.4944067,-0.19874045,-1.016312,-1.2331474,-0.112188585
2.9314666,2.0241435,26.025185,39.506493,-42.654392
1.4941638,-0.19509295,-1.0153629,-1.233337,-0.11383752
1.4941638,-0.19509295,-1.0153629,-1.233337,-0.11383752
-1.6411742,0.5466941,0.8039056,0.4119266,-0.39121768
-3.6922846,-0.86128134,1.7275388,5.02762,-2.1624122
1.4941638,-0.19509295,-1.0153629,-1.233337,-0.11383752
1.4788905,-0.17806521,-1.0140048,-1.1708435,-0.09401093
1.568939,-0.16790792,-1.1675205,-1.065024,-0.3081645
1.5012995,0.32096475,-1.1741265,-1.3694271,-0.5090288
0.404104,0.53673613,-1.4799545,-3.864696,-2.1072354
1.4783018,-0.20878571,-1.0236322,-1.2575352,-0.13383397
2.4082818,-1.2913773,-2.6112,-0.15487036,-0.3430182
2.1713629,1.8408896,-5.770618,-1.9203855,2.079056
1.6422292,0.41302225,-1.3442099,-1.2643126,-0.41129306
1.4941638,-0.19509295,-1.0153629,-1.233337,-0.11383752
-16.301079,-13.759555,-5.2883577,-10.521152,-12.801444
15.076794,0.2631908,-0.07916641,1.0694197,-8.378362
-15.076334,-13.187428,-5.018264,-9.755773,-11.510098
1.4818333,-0.21250758,-1.0239233,-1.257909,-0.13563493
1.5128891,0.3309762,-1.1731381,-1.3931159,-0.52714956
1.4911108,-0.19916031,-1.0153062,-1.2351094,-0.115359046
-2.367221,5.3489313,-8.909381,-14.899769,-3.1323872
1.4748167,-0.21406716,-1.0694106,-1.1940954,-0.20985463
2.9156673,7.016733,2.5326626,3.335568,-10.868754
1.4911294,-0.19567105,-1.0187597,-1.2370296,-0.11363689
1.4133496,-0.1847786,-0.99597824,-1.056065,-0.070576064
1.494115,-0.19436374,-1.015173,-1.233375,-0.11416716
0.94181526,-0.23775259,-0.80088544,-1.1434578,-0.19881922
1.4904712,-0.19832242,-1.0158211,-1.2357131,-0.1160756
1.4121677,-0.18528748,-0.995092,-1.0515758,-0.068397544
1.3614062,-0.3759519,-0.8345239,-1.3491508,0.060112678
3.0541792,0.010214981,-1.0891422,-1.5868297,-2.1706371
-2.3502107,0.14142716,-3.6736703,0.6169734,-4.1522436
23.876324,0.39925963,-0.98464847,1.2525916,-12.186853
-2.355434,0.15543458,-3.6896672,0.6134787,-4.1502266
1.4904712,-0.19832242,-1.0158211,-1.2357131,-0.1160756
1.4837445,-0.19387263,-1.0071626,-1.2215683,-0.112654544
1.3512704,-0.09677544,-1.1358289,-1.2319901,-0.09046147
1.1429169,0.06390524,-1.4463972,-1.765122,-0.21000007
1.3893317,-0.17028275,-0.96308917,-1.0518876,-0.03987185
2.526815,-7.782279,0.6554551,-7.032388,-12.724526
1.3026863,-0.19799611,-1.0458199,-1.0996495,0.05859568
1.481773,-0.21261975,-1.0232927,-1.2583816,-0.1342766
1.4399377,-0.15661699,-1.0477947,-1.2451814,-0.12478379
0.30013093,-12.250875,-0.7807081,-20.9846,-27.756716
1.3032361,-0.20203686,-1.0287671,-1.1000876,0.07928874
-7.519533,-7.9899125,-7.752706,-9.326633,-10.388137
1.0451488,-0.08239648,-0.8918171,-0.73069465,0.110475875
1.4941638,-0.19509295,-1.0153629,-1.233337,-0.11383752
-0.58059776,-0.82646096,-3.1647394,0.116043575,-2.4868827
1.4897388,-0.19949922,-1.015224,-1.23828,-0.11174817
2.379986,1.760664,-7.166686,-1.9278206,2.6354842
1.3893281,-0.17028308,-0.9630973,-1.0518785,-0.039873578
7.074734,9.203215,-19.819777,6.1964803,-28.326529
1.4942123,-0.19582266,-1.0155528,-1.2332991,-0.113507606
2.026813,1.6272101,-7.4177785,-2.021389,2.8156464
1.6375607,0.0462217,-1.2467136,-1.044926,-0.19028506
4.3993063,11.037625,0.83763504,-7.8178525,-14.328567
3.9364958,19.018787,-7.7133737,-0.8514786,8.112792
4.4748354,-2.5713785,-6.028451,-4.4803963,-5.4302316
1.4895462,-0.20476964,-1.0262985,-1.2324392,-0.12374476
-14.817909,-18.488386,-14.682879,-21.76405,-22.57409
1.4941638,-0.19509295,-1.0153629,-1.233337,-0.11383752
1.4941638,-0.19509295,-1.0153629,-1.233337,-0.11383752
1.4817646,-0.21247491,-1.0237889,-1.2577878,-0.13569707
1.4845191,-0.1923896,-1.0092854,-1.2225347,-0.11110199
1.4941638,-0.19509295,-1.0153629,-1.233337,-0.11383752
1.4941638,-0.19509295,-1.0153629,-1.233337,-0.11383752
-1.0918136,-1.5881385,3.5372305,4.4505324,-6.109708
1.6220404,21.897415,-16.694933,-16.949955,-22.339752
-0.0006712936,-2.196491,-15.07516,-18.476974,14.175052
0.41536674,-12.286273,-0.74326086,-21.076796,-27.871164
0.9361831,24.86001,-14.019051,-11.53313,-19.262377
1.4941638,-0.19509295,-1.0153629,-1.233337,-0.11383752
-1.4357228,0.8855804,-0.304254,-3.407966,-2.969585
2.8023682,6.378863,-4.7308364,3.0421808,-12.317542
1.2932957,-0.33935532,-1.0985507,-1.2711912,-0.12361889
1.4892933,-0.20467234,-1.0268545,-1.2338738,-0.12243915
-1.2014161,2.9553702,-0.8971555,-2.0413413,-2.7330241
3.9351246,19.051752,-7.709159,-0.8463019,8.103526
-1.1593857,2.989165,-0.70444286,-1.9638032,-2.6506982
3.9718318,19.098356,-7.820771,-0.81668365,8.188077
-1.1632911,2.9769132,-0.69131845,-1.955293,-2.6412508
1.4399377,-0.15661699,-1.0477947,-1.2451814,-0.12478379
1.4941638,-0.19509295,-1.0153629,-1.233337,-0.11383752
1.4944067,-0.19874045,-1.016312,-1.2331474,-0.112188585
1.858366,8.714557,-4.591796,-4.4271765,0.13414165
1.494115,-0.19436374,-1.015173,-1.233375,-0.11416716
1.5558933,4.7865124,-2.4072814,-1.1290944,2.7666829
1.4770752,-0.213875,-1.0246487,-1.2576337,-0.1318776
3.9542336,6.455041,45.61881,-13.460059,8.062851
2.1728075,1.8386574,-5.770231,-1.9161013,2.079027
1.0180889,-24.338087,-6.1607184,-43.661285,-55.1817
1.4845191,-0.1923896,-1.0092854,-1.2225347,-0.11110199
1.4944067,-0.19874045,-1.016312,-1.2331474,-0.112188585
13.872004,4.752712,17.402542,-15.44423,-29.796034
-0.592741,-0.47371548,-3.4240444,0.13562334,-2.9624527
1.489775,-0.20611954,-1.0180986,-1.244989,-0.125685
90.48435,-0.57271504,-2.2348359,3.886129,-51.066303
0.52024174,-0.44143403,-1.0305132,-1.2967726,-0.31703427
1.480769,-0.21680206,-1.0247681,-1.2580107,-0.13395351
0.8161719,-0.3023819,-0.7386695,-0.77733886,0.07252314
1.4837276,-0.19853711,-1.0082017,-1.2215046,-0.11037857
1.4941638,-0.19509295,-1.0153629,-1.233337,-0.11383752
2.1406536,-0.629893,-1.5896649,-0.20447451,-0.81918746
1.4941638,-0.19509295,-1.0153629,-1.233337,-0.11383752
1.4944067,-0.19874045,-1.016312,-1.2331474,-0.112188585
1.4941638,-0.19509295,-1.0153629,-1.233337,-0.11383752
1.4845022,-0.19705388,-1.0103248,-1.2224708,-0.10882584
1.494115,-0.19436374,-1.015173,-1.233375,-0.11416716
1.4944552,-0.19946966,-1.0165017,-1.2331091,-0.111859
1.3718954,-0.13307983,-0.9485152,-1.0623877,-0.069285415
-35.357395,-10.546225,0.69004846,-22.502243,-2.5198236
2.8029456,-6.7008934,0.5180023,-6.462608,-10.258734
1.44392,-0.18825883,-0.9729012,-1.1246618,-0.059315063
28.136576,-0.14667988,-15.902709,-13.179434,-53.518658
1.4800354,-0.19019711,-1.0245118,-1.2282084,-0.11736859
1.3499013,-0.10364476,-1.1373217,-1.2316996,-0.08767427
1.494115,-0.19436374,-1.015173,-1.233375,-0.11416716
1.4813942,-0.21164966,-1.0285876,-1.2314078,-0.14180714
1.4941636,-0.19509318,-1.0153629,-1.233337,-0.11383722
1.3894246,-0.17332608,-0.96465236,-1.0508677,-0.039430864
1.379975,-0.16718802,-0.9598164,-1.0229827,-0.05168066
1.3008419,-0.19340876,-1.040962,-1.1003793,0.06266
1.576825,-0.10575834,-1.1491992,-1.2128882,-0.21028313
1.4389955,-0.16146845,-1.0492278,-1.245062,-0.12317816
1.4121753,-0.18528885,-0.9950742,-1.0516044,-0.06839553
1.3030398,-0.20274031,-1.0286529,-1.1001209,0.079704516
1.4121753,-0.18528885,-0.9950742,-1.0516044,-0.06839553
1.0461822,-0.08484951,-0.8925233,-0.7301365,0.1130053
0.6902691,-1.5856689,0.34753782,-1.3991646,-3.70057
1.3894061,-0.17271763,-0.9643396,-1.0510715,-0.03951914
1.4232715,-0.18170959,-0.98916024,-1.0746231,-0.060633637
1.4945039,-0.20019925,-1.0166916,-1.2330712,-0.11152918
-2.1082115,-25.184767,23.6157,-56.058857,-12.885175
1.4941638,-0.19509295,-1.0153629,-1.233337,-0.11383752
1.4808956,-0.21591872,-1.0244479,-1.2578806,-0.1343424
2.4837162,-7.7596984,0.6434884,-7.0904303,-12.764864
1.4944067,-0.19874045,-1.016312,-1.2331474,-0.112188585
1.4232715,-0.18170959,-0.98916024,-1.0746231,-0.060633637
-1.2136693,-1.6080304,3.7704027,4.4745107,-6.0428123
4.4735513,-2.9107435,-3.6514199,-14.456864,-5.230435
-0.34385112,-1.6928294,3.3616593,2.6552396,-3.871375
2.1647434,1.6244688,-6.1702867,-1.9520067,2.7461505
1.4944552,-0.19946966,-1.0165017,-1.2331091,-0.111859
16.944532,-6.571649,3.663482,11.005599,-12.903232
7.5884533,19.733776,-15.019824,9.797506,-37.929436
1.1858324,0.1909411,-1.292673,-0.9048932,-0.58967847
5.29205,28.054697,33.893066,-31.400698,-15.963262
1.4239115,-0.18171227,-0.9897948,-1.0741464,-0.061311536
1.4944067,-0.19874045,-1.016312,-1.2331474,-0.112188585
1.4232715,-0.18170959,-0.98916024,-1.0746231,-0.060633637
1.6375607,0.0462217,-1.2467136,-1.044926,-0.19028506
1.4232715,-0.18170941,-0.9891605,-1.0746235,-0.060633697
3.95365,19.062836,-7.817105,-0.81014395,8.163353
5.9620585,9.302556,-21.32147,6.3432426,-29.623545
1.4941638,-0.19509295,-1.0153629,-1.233337,-0.11383752
1.4895462,-0.20476964,-1.0262985,-1.2324392,-0.12374476
1.4232715,-0.18170959,-0.98916024,-1.0746231,-0.060633637
1.8954395,0.27976918,-1.4428159,-0.8954383,-0.745675
-4.3350644,2.5238929,-12.899909,1.0947737,-14.508252
0.4012359,-0.065129936,4.6049495,-2.8542778,2.0919337
-1.0348365,4.3084393,0.09038925,-3.2196875,-5.550754
1.5506083,-0.4785403,-0.96320796,-1.4570785,-0.20956638
0.7702285,24.85738,-13.913518,-11.29946,-19.277525
1.4845191,-0.1923896,-1.0092854,-1.2225347,-0.11110199
1.0432624,24.302277,-13.747819,-11.283557,-18.784868
1.4942609,-0.19655195,-1.0157424,-1.233261,-0.11317784
1.2936682,-0.3393001,-1.0972424,-1.2706941,-0.12539738
2.7579703,2.083867,-6.426562,-1.8168882,2.9145243
1.2935809,-0.33932203,-1.0971379,-1.2707986,-0.12545508
3.025855,2.6442108,-7.7404466,-2.243229,3.3684826
1.2936682,-0.3393001,-1.0972424,-1.2706941,-0.12539738
1.4913536,-0.20280743,-1.0162553,-1.2349194,-0.11371031
1.381864,-0.16108409,-1.0276247,-0.9861289,0.014421813
1.4740846,-0.21810377,-1.0705868,-1.1943052,-0.20846447
1.491035,-0.19919947,-1.0152853,-1.2353014,-0.11510686
1.4913712,-0.19931948,-1.0197084,-1.2368402,-0.11198706
1.4831039,-0.18116406,-1.0144098,-1.2233952,-0.113721095
1.4907626,-0.20269918,-1.01696,-1.2354852,-0.114097096
1.4831039,-0.18116406,-1.0144098,-1.2233952,-0.113721095
-7.915931,-2.3248873,11.19168,22.170242,-18.721695
1.4941638,-0.19509295,-1.0153629,-1.233337,-0.11383752
-7.2439647,-3.2699564,13.119434,25.016396,-21.482744
-4.046515,3.9844742,-8.709221,-7.938056,-11.0066
1.4907141,-0.20196971,-1.01677,-1.2355233,-0.11442665
11.970135,0.07315904,-6.3309927,-6.6773763,-22.064623
3.021861,2.6437562,-7.73601,-2.2487361,3.3642073
1.4941638,-0.19509295,-1.0153629,-1.233337,-0.11383752
0.40140757,15.596198,-2.846696,-12.926988,-17.09541
1.4439234,-0.18826082,-0.97289306,-1.1246752,-0.0593125
0.37124607,0.102868915,4.302493,-2.7801118,1.9268664
1.4232715,-0.18170959,-0.98916024,-1.0746231,-0.060633637
0.84043795,2.2487218,1.6365169,-3.1348557,-2.1218324
1.4232715,-0.18170959,-0.98916024,-1.0746231,-0.060633637
3.9528232,19.07905,-7.8204103,-0.81077135,8.164456
3.2004042,2.7657983,-8.781922,-2.717237,3.9834592
1.4942609,-0.19655195,-1.0157424,-1.233261,-0.11317784
0.10046968,-0.7281306,-1.3147268,-1.3735965,-1.1391805
8.535473,-10.191269,-30.667381,17.002516,4.8933206
2.3049955,1.8160446,-5.590913,-1.4507812,2.474625
8.531932,-10.183842,-30.664131,16.995836,4.886859
7.8053555,8.436668,-20.378016,-4.807285,9.980865
8.5355215,-10.191281,-30.667343,17.002527,4.8933835
1.4843258,-0.20558622,-1.0166684,-1.2397484,-0.12008973
8.114473,-9.948944,-29.557922,16.103838,3.978402
1.4737798,-0.21625096,-1.0334533,-1.2218252,-0.1461286
1.419181,-0.13151449,-1.119842,-1.1952767,-0.088727824
2.6570926,2.3108532,-7.4842587,-2.2275393,3.4185138
8.526145,-10.058503,-30.601135,16.881388,4.8733797
2.131534,1.9142177,-5.615746,-1.8017904,2.2047577
1.419181,-0.13151449,-1.119842,-1.1952767,-0.088727824
77.311646,14.925339,39.183422,41.88642,7.908208
1.419181,-0.13151449,-1.119842,-1.1952767,-0.088727824
1.4425589,-0.19235307,-0.9695914,-1.1236454,-0.061393417
0.0884867,-0.5703033,-0.7100227,-1.167281,-0.20067826
6.94583,2.9033744,1.4114034,7.2448535,-11.466863
1.4941152,-0.19436368,-1.015173,-1.233375,-0.11416701
0.42076495,-0.17164935,-2.1511195,-1.102301,-0.62841815
0.036448013,-0.59579706,-0.6942221,-1.102071,-0.281669
1.4106622,-0.16606933,-0.97738695,-1.065054,-0.045267962
1.4942123,-0.19582266,-1.0155528,-1.2332991,-0.113507606
5.69143,6.9196324,-19.813602,5.4994335,-26.036898
1.4942123,-0.19582266,-1.0155528,-1.2332991,-0.113507606
4.0920453,-3.087806,-3.790361,-14.678267,-5.0159774
-2.4550662,-6.3988333,1.9535419,-3.4537277,-16.331663
4.0877247,-3.2277296,-3.804867,-14.54572,-4.87849
0.6826345,0.18081093,-1.0542874,-0.679904,-0.18106097
1.4911108,-0.19916031,-1.0153062,-1.2351094,-0.115359046
22.747616,-8.921979,14.089616,33.266655,-20.057703
2.7561407,2.0861223,-6.4182434,-1.8192149,2.908279
3.599376,23.055763,-10.169967,-1.9539658,10.358028
1.5415186,-0.121876,-1.0766095,-1.2127749,-0.12777781
-1.2177103,-1.1049798,-2.8418868,-0.016182788,-3.401649
-3.532133,-3.6246822,-10.170393,6.2714624,-17.101288
1.4911108,-0.19916031,-1.0153062,-1.2351094,-0.115359046
1.5009853,0.32013926,-1.1755164,-1.3607317,-0.51974344
1.4923142,-0.19071221,-1.0235901,-1.2389973,-0.1100213
-5.9824033,-5.355032,-15.529045,7.79387,-23.276594
-0.059502155,1.8206601,-3.6426046,0.49595135,-5.1394224
0.028460946,-0.56237006,-0.78008497,-0.79679406,-0.44839218
2.8591158,2.424433,-7.588779,-2.258906,3.369197
1.234245,-0.46244186,-0.95071614,-0.8550739,-0.25191897
2.8594527,2.4247534,-7.5899663,-2.258895,3.3693526
-2.4535692,2.6784108,1.630951,7.817947,7.0565786
2.8595004,2.424774,-7.5900154,-2.2588634,3.3693562
-2.0091338,-0.19075216,0.7916448,2.9303174,-0.80225575
2.850605,2.4059863,-7.5808015,-2.2624006,3.3615348
1.4942123,-0.19582248,-1.0155528,-1.2332991,-0.11350746
2.8506055,2.405987,-7.5808034,-2.2624009,3.3615353
1.4942123,-0.19582266,-1.0155528,-1.2332991,-0.113507606
1.494115,-0.19436374,-1.015173,-1.233375,-0.11416716
2.850605,2.4059863,-7.5808015,-2.2624006,3.3615348
2.850605,2.4059863,-7.5808015,-2.2624006,3.3615348
2.7690878,2.0868754,-6.412064,-1.8004256,2.911645
0.26515004,-0.7330011,-6.910655,-8.338021,6.3680024
-6.0722375,-6.093948,0.0407663,2.3873248,1.2304881
11.596631,14.254502,-36.324398,11.545778,-49.9494
1.5941532,0.29008773,-1.3622417,-1.1268184,-0.7479757
1.494115,-0.19436374,-1.015173,-1.233375,-0.11416716
-2.5519967,-0.6807989,-5.443257,0.6161455,-5.0164185
0.1426892,0.32552207,4.362859,-2.513802,1.8004735
-2.2457025,0.49134707,-3.153054,0.8731613,-3.3773432
4.1082244,-2.990577,-3.8259835,-14.657841,-5.0740433
2.8591158,2.424433,-7.588779,-2.258906,3.369197
2.8595004,2.424774,-7.5900154,-2.2588634,3.3693562
2.850605,2.4059863,-7.5808015,-2.2624006,3.3615348
1.4837445,-0.19387263,-1.0071626,-1.2215683,-0.112654544
22.369276,29.328243,-18.893692,-3.4011774,-7.7046566
2.850605,2.4059863,-7.5808015,-2.2624006,3.3615348
2.850605,2.4059863,-7.5808015,-2.2624006,3.3615348
1.494115,-0.19436374,-1.015173,-1.233375,-0.11416716
2.8503594,2.4059677,-7.5810113,-2.2627242,3.3617725
2.850605,2.4059863,-7.5808015,-2.2624006,3.3615348
2.7606351,2.067568,-6.39876,-1.8031405,2.904103
10.876225,13.325358,-34.177174,10.752481,-46.822845
1.4475619,0.39521727,-1.1444801,-1.3402343,-0.46152654
1.494115,-0.19436374,-1.015173,-1.233375,-0.11416716
0.8440237,0.33330935,-0.2950251,-1.06578,-0.063970216
-2.5519884,-0.679228,-5.444178,0.61682177,-5.016696
1.4811312,-0.21091127,-1.0276716,-1.2407726,-0.13228965
0.12082538,0.29762053,4.3860555,-2.480865,1.8387341
-2.4683342,0.7076067,-3.4870832,0.590693,-3.5192351
4.107847,-2.99149,-3.825755,-14.659361,-5.0785975
-2.4970746,-0.6153573,-5.2472644,0.60253906,-4.8576555
-2.2003903,0.46685988,-3.098536,0.9284469,-3.349142
-2.005523,-0.4269536,-4.804317,0.258849,-4.4672484
-2.2749767,0.5246114,-3.2049644,0.8401667,-3.4009414
1.4892933,-0.20467234,-1.0268545,-1.2338738,-0.12243915
1.2935809,-0.33932203,-1.0971379,-1.2707986,-0.12545508
2.7665205,18.969505,-7.5895905,0.9544891,-21.925785
1.7183677,-0.09653285,-1.2708492,-1.0274985,-0.19392511
1.4793097,-0.21066365,-1.0239956,-1.2318141,-0.13347095
0.7357147,-0.35048604,-1.192236,-1.2600662,-0.26472676
3.7932339,7.463518,-4.0243945,2.7068105,-10.833004
1.4941638,-0.19509295,-1.0153629,-1.233337,-0.11383752
1.4892933,-0.20467234,-1.0268545,-1.2338738,-0.12243915
1.4892933,-0.20467234,-1.0268545,-1.2338738,-0.12243915
1.4817646,-0.21247491,-1.0237889,-1.2577878,-0.13569707
9.668151,-0.1722033,-63.075336,-12.646465,-8.213236
-5.2183414,-5.8715706,-5.8389916,-7.0337152,-7.9979086
1.4941638,-0.19509295,-1.0153629,-1.233337,-0.11383752
1.4941638,-0.19509295,-1.0153629,-1.233337,-0.11383752
1.8026417,9.40935,-7.504359,3.6904864,-17.335451
1.4837445,-0.19387263,-1.0071626,-1.2215683,-0.112654544
-1.1079987,-1.6498919,3.481117,4.4103355,-6.0976944
1.4612497,-0.105293274,-0.86376333,-1.0371592,-0.047935553
0.23672709,-0.8192531,-7.305405,-8.835859,6.7434754
5.8066106,27.944836,-12.265773,3.0786684,-34.10685
-2.5789433,-0.6850699,-5.3510804,0.61809576,-4.9204736
-2.4687314,0.71320575,-3.495437,0.5900725,-3.5337691
1.4897388,-0.19949922,-1.015224,-1.23828,-0.11174817
1.5790424,-0.1352171,-1.1123713,-1.0105528,-0.13145325
1.467234,-0.16283804,-1.0383846,-1.2648454,-0.1880492
1.3893281,-0.17028308,-0.9630973,-1.0518785,-0.039873578
1.4399377,-0.15661699,-1.0477947,-1.2451814,-0.12478379
1.4845191,-0.1923896,-1.0092854,-1.2225347,-0.11110199
1.3010083,-0.19276533,-1.0410905,-1.1003131,0.0623936
1.0477015,-0.085059285,-0.8915421,-0.7328385,0.11178046
1.3708012,-0.094620585,-1.0415399,-1.0098158,0.00516551
-0.27979952,-0.57021224,-2.402335,-1.6413941,-1.2900975
1.008591,-0.22330156,-1.3663056,-1.535463,-0.6708447
1.4856862,-0.20666215,-1.015942,-1.2379929,-0.1203256
1.0603496,-0.3405125,-1.3420746,-1.5107554,-0.7607175
2.8309119,15.164114,-6.471507,-0.81204057,6.289923
1.6375604,0.04622155,-1.2467133,-1.0449262,-0.19028506
1.092939,0.38782388,-1.4644083,-1.5737518,-0.7767516
1.4194349,-0.15001708,-1.0020312,-1.0741572,-0.034257658
1.4941638,-0.19509295,-1.0153629,-1.233337,-0.11383752
1.484516,-0.19316709,-1.0094587,-1.2225238,-0.11072279
1.4989558,0.33741638,-1.1511772,-1.3479367,-0.49003634
1.4895462,-0.20476964,-1.0262985,-1.2324392,-0.12374476
1.4942123,-0.19582266,-1.0155528,-1.2332991,-0.113507606
1.4941638,-0.19509295,-1.0153629,-1.233337,-0.11383752
1.6960284,0.04114562,-1.2712748,-1.1939594,-0.2970715
0.21165165,-0.9611453,-1.2647034,-1.6596695,-0.87784725
3.7889452,19.094713,-8.037881,-0.8759419,8.137838
5.3269086,5.9920154,55.421654,-16.925201,9.50041
2.0894017,1.4662132,-5.5111103,-1.7113687,2.3520405
0.63013613,20.956276,-16.525377,-11.505139,-22.543653
1.4824858,-0.21613288,-1.0253491,-1.2395324,-0.12604126
1.4811344,-0.21091238,-1.0276634,-1.2407852,-0.1322869
-3.6674259,2.8043556,-7.211223,-6.504088,-8.957704
1.4911108,-0.19916031,-1.0153062,-1.2351094,-0.115359046
9.535198,7.2034364,-8.26764,0.28598884,-6.6556473
-10.108662,1.4160984,-0.56314695,4.8823977,0.5621175
14.012964,11.095938,9.415189,-23.754795,-41.42502
4.964845,9.78509,-3.253987,-5.7506485,-10.116748
1.4815562,-0.20517173,-1.0137879,-1.2361807,-0.123791255
1.484516,-0.19316709,-1.0094587,-1.2225238,-0.11072279
2.8408136,3.578001,-3.6342967,-4.2013288,-5.0135403
35.209442,53.879982,30.686409,10.729628,-41.883965
11.302524,47.98902,-2.4961731,22.594727,-10.311688
18.579725,0.48104668,26.75435,-3.5563097,-3.3469496
2.5449967,2.5063267,-2.9320753,-3.4690342,-4.3049135
-3.133574,-13.61482,-9.364338,0.9929433,-32.94595
1.4941638,-0.19509295,-1.0153629,-1.233337,-0.11383752
1.5946544,-0.057767753,-1.415933,-1.0553722,-0.33235988
42.66898,38.903297,-38.20517,1.6827668,-23.270596
28.136377,19.395607,1.2305896,13.471506,-7.5818777
1.4845191,-0.1923896,-1.0092854,-1.2225347,-0.11110199
1.484516,-0.19316709,-1.0094587,-1.2225238,-0.11072279
1.494115,-0.19436374,-1.015173,-1.233375,-0.11416716
1.494115,-0.19436374,-1.015173,-1.233375,-0.11416716
1.494115,-0.19436374,-1.015173,-1.233375,-0.11416716
1.494115,-0.19436374,-1.015173,-1.233375,-0.11416716
1.494115,-0.19436374,-1.015173,-1.233375,-0.11416716
1.4837445,-0.19387263,-1.0071626,-1.2215683,-0.112654544
1.494115,-0.19436374,-1.015173,-1.233375,-0.11416716
1.494115,-0.19436374,-1.015173,-1.233375,-0.11416716
28.91181,47.089943,28.510592,4.038952,-41.045883
-0.5825961,-0.81685424,-3.0810525,0.18525991,-2.007191
10.873185,-1.837343,11.652171,-1.8204271,-1.9413466
1.4837445,-0.19387263,-1.0071626,-1.2215683,-0.112654544
63.068,20.501219,-59.831516,28.849495,-31.144724
5.748812,14.544879,-10.930731,-11.321658,-12.984304
-0.8027702,1.2404811,-0.16928522,1.0719815,-0.22950324
-0.621786,1.2691224,-0.05452335,1.2906975,-0.028651215
1.487693,-0.20642275,-1.016807,-1.2417499,-0.122449435
-0.17364654,-0.58093226,-0.48616013,-1.0824493,-0.38637748
1.5530502,3.9501312,4.92606,-5.3398623,-4.6623564
1.4816104,-0.19193807,-1.0118822,-1.1837729,-0.14908454
1.494115,-0.19436374,-1.015173,-1.233375,-0.11416716
1.4942123,-0.19582266,-1.0155528,-1.2332991,-0.113507606
1.4941638,-0.19509295,-1.0153629,-1.233337,-0.11383752
1.4941638,-0.19509295,-1.0153629,-1.233337,-0.11383752
75.08637,14.114347,38.141674,41.264156,8.332885
1.4941638,-0.19509295,-1.0153629,-1.233337,-0.11383752
1.528107,0.3079444,-1.2442744,-1.308838,-0.55057067
0.45913717,2.968096,3.2574606,-2.1091013,-1.6218324
1.4941638,-0.19509295,-1.0153629,-1.233337,-0.11383752
1.4941638,-0.19509295,-1.0153629,-1.233337,-0.11383752
1.4941638,-0.19509295,-1.0153629,-1.233337,-0.11383752
1.494115,-0.19436374,-1.015173,-1.233375,-0.11416716
1.494115,-0.19436374,-1.015173,-1.233375,-0.11416716
-0.5823613,-0.81691086,-3.0809224,0.18535176,-2.0068913
1.4942123,-0.19582266,-1.0155528,-1.2332991,-0.113507606
1.494115,-0.19436374,-1.015173,-1.233375,-0.11416716
9.32942,-9.363915,-13.856491,8.865781,-17.852486
1.494115,-0.19436374,-1.015173,-1.233375,-0.11416716
0.6521775,-0.40118113,-0.8728249,-1.6027473,-0.17831644
1.4894563,-0.20474717,-1.026416,-1.2326471,-0.123457484
1.494115,-0.19436374,-1.015173,-1.233375,-0.11416716
6.5297775,13.08702,-11.660913,-12.161987,-13.345799
1.4941638,-0.19509295,-1.0153629,-1.233337,-0.11383752
-6.524081,15.014697,-1.1365311,7.6384363,4.484051
-21.782885,34.645554,-39.962074,-43.479916,-3.8789701
1.494115,-0.19436374,-1.015173,-1.233375,-0.11416716
1.5061542,0.32381064,-1.2012341,-1.3701543,-0.53953254
1.0017241,-0.38570774,-1.0512373,-1.7495784,-0.44432154
0.5579219,0.73894125,-12.293918,0.9699025,-12.756713
1.472533,-0.2038731,-1.0191889,-1.2128627,-0.14110544
1.4988304,-0.188149,-1.0212975,-1.2053174,-0.12346118
11.589676,14.316495,-13.036238,-0.7198361,-12.140159
-1.2888918,2.232622,-3.0292292,-3.9752326,-1.6566496
16.780191,-23.863098,6.78041,-16.203243,-36.524326
1.5032982,0.31669474,-1.1757752,-1.3649511,-0.5114646
1.5032982,0.31669474,-1.1757752,-1.3649511,-0.5114646
22.049414,-29.275139,8.2871065,-19.844353,-45.393387
1.494115,-0.19436374,-1.015173,-1.233375,-0.11416716
3.7889452,19.094713,-8.037881,-0.8759419,8.137838
1.4941638,-0.19509295,-1.0153629,-1.233337,-0.11383752
1.4149092,-0.17387888,-0.9820633,-1.0643425,-0.04964543
1.4149133,-0.17387938,-0.9820544,-1.0643568,-0.049644344
-23.599873,-4.6528196,-36.632465,-27.458004,-38.563873
-22.148123,-5.517092,-35.31512,-26.91956,-38.488174
1.4448417,-0.2854848,-0.99009013,-1.4502422,-0.07439525
-9.60549,-8.61169,4.004256,6.7622495,7.2033863
1.4941638,-0.19509295,-1.0153629,-1.233337,-0.11383752
1.2104348,0.024133798,-1.3592662,-1.6613055,-0.18998194
1.4124361,-0.18504155,-0.99519384,-1.0520898,-0.06848996
1.4121677,-0.18528748,-0.995092,-1.0515758,-0.068397544
1.4121951,-0.1856764,-0.99509525,-1.0516844,-0.06757922
1.4121951,-0.1856764,-0.99509525,-1.0516844,-0.06757922
1.2499317,-0.08870503,-0.90954554,-0.7920766,0.0927655
1.4941638,-0.19509295,-1.0153629,-1.233337,-0.11383752
1.4941638,-0.19509295,-1.0153629,-1.233337,-0.11383752
-36.035156,-10.432259,-34.177483,12.660015,-26.483028
-47.921604,-28.298925,-58.727848,13.884524,-56.252174
13.156882,17.810314,-38.233837,12.686817,-55.466347
1.3532917,-0.08856994,-1.1343236,-1.2320586,-0.09407205
4.9343123,2.237243,-3.8693972,-0.7131724,-2.153883
1.4941638,-0.19509295,-1.0153629,-1.233337,-0.11383752
1.4941638,-0.19509295,-1.0153629,-1.233337,-0.11383752
0.11912209,-0.38380376,-0.2647845,1.4189415,0.5576109
2.670679,-1.087752,-2.8207161,-0.0976362,-0.23801544
15.209141,-4.392508,6.5117297,4.543721,11.025574
1.2933394,-0.3393444,-1.098603,-1.271139,-0.12359015
1.2935809,-0.33932203,-1.0971379,-1.2707986,-0.12545508
1.4892933,-0.20467234,-1.0268545,-1.2338738,-0.12243915
-1.1581703,2.9873936,-0.7031723,-1.962721,-2.650061
0.12819065,-0.37451082,-0.6693276,-0.6843223,-0.28047365
0.12819065,-0.37451082,-0.6693276,-0.6843223,-0.28047365
19.247051,-26.175121,7.1511054,-17.680214,-41.232876
2.3617306,2.6222317,6.3463855,-3.8673935,-3.5505557
8.839559,22.368343,-19.826971,-20.069477,-23.024908
1.4845191,-0.1923896,-1.0092854,-1.2225347,-0.11110199
42.805542,-0.24091554,62.380955,-5.0660377,-6.3558874
1.494115,-0.19436374,-1.015173,-1.233375,-0.11416716
0.43339768,18.477472,-3.3652399,-14.539434,-19.94555
1.4985253,-0.50680256,-1.1625756,-1.5561131,-0.5679844
-3.5738986,2.8561647,-6.962744,-6.5320253,-8.829701
1.494115,-0.19436374,-1.015173,-1.233375,-0.11416716
-14.533987,3.508647,0.65126586,8.606523,-0.6542445
1.5937066,-0.061281983,-1.4154631,-1.0561657,-0.32804215
1.8590221,0.25243574,-1.0758251,-1.6631736,-1.4168065
1.6060084,-0.17184392,-1.1915371,-1.0567728,-0.3150274
1.4149133,-0.17387938,-0.9820544,-1.0643568,-0.049644344
22.12844,-29.33349,8.454085,-20.009499,-45.615906
1.431228,0.369813,-1.1826099,-1.3278595,-0.4654623
1.3893281,-0.17028308,-0.9630973,-1.0518785,-0.039873578
1.489775,-0.20611954,-1.0180986,-1.244989,-0.125685
1.4817647,-0.2124748,-1.023789,-1.2577878,-0.13569698
1.4133376,-0.18478203,-0.9959665,-1.0560696,-0.07057103
1.4860626,-0.1997444,-1.0096732,-1.2326833,-0.121752925
-2.3508654,0.15329367,-3.6970232,0.60488313,-4.162242
5.043369,27.555244,-10.167417,3.3136826,-33.08089
0.7879534,0.34082672,-1.7796525,-2.1652803,-0.38418785
1.4937748,-0.19542104,-1.014677,-1.2328987,-0.11379991
2.4721413,-7.7817726,0.6422961,-7.064555,-12.727049
3.2672524,13.073287,-7.905294,4.6876025,-22.01821
2.3428323,-7.7366805,0.6301427,-6.830034,-12.559733
0.8188442,0.74286574,0.31790096,-1.7792326,-0.48098233
1.5815951,-0.0953441,-1.1403009,-1.2041448,-0.19921666
2.022002,1.3914453,-5.562515,-1.7214096,2.4427745
1.4942123,-0.19582266,-1.0155528,-1.2332991,-0.113507606
3.9383998,19.029312,-7.716134,-0.850952,8.11578
1.0935825,0.38739032,-1.4638743,-1.5724541,-0.78172046
-0.059027363,1.8851945,-3.6056693,0.44491622,-5.180638
1.494115,-0.19436374,-1.015173,-1.233375,-0.11416716
0.12575623,-0.38681462,-0.24931273,1.4053199,0.46920612
7.6993747,-0.68500537,8.04351,-1.4958565,-0.591373
3.87907,5.277737,5.288285,-3.738125,-34.08199
1.8209493,0.29677424,-1.3050997,-0.9266136,-0.6490861
0.5833589,14.911449,-4.8769164,-9.364806,-15.944547
0.17280087,0.37621808,4.086373,-2.4582663,1.628142
-1.1653088,2.9789498,-0.6961621,-1.9589158,-2.6503098
1.4942123,-0.19582266,-1.0155528,-1.2332991,-0.113507606
1.4911108,-0.19916031,-1.0153062,-1.2351094,-0.115359046
1.5514416,-0.47137392,-0.9610264,-1.4554068,-0.20992252
1.546847,3.4704914,-2.323534,-4.6794295,-4.3720803
2.7683806,2.0881255,-6.416737,-1.8055528,2.913188
1.4941638,-0.19509295,-1.0153629,-1.233337,-0.11383752
3.0257215,2.6495285,-7.738909,-2.2459142,3.3657362
2.6437967,-1.0916591,-2.828407,-0.1264436,-0.25049308
1.4939148,0.24362749,-1.0151317,-1.4049803,-0.72078043
1.4837445,-0.19387263,-1.0071626,-1.2215683,-0.112654544
1.489775,-0.20611954,-1.0180986,-1.244989,-0.125685
2.2148218,-1.5969279,-2.0190136,0.5177176,-1.8237505
1.4845191,-0.1923896,-1.0092854,-1.2225347,-0.11110199
1.4941638,-0.19509295,-1.0153629,-1.233337,-0.11383752
1.4837445,-0.19387263,-1.0071626,-1.2215683,-0.112654544
1.4845191,-0.1923896,-1.0092854,-1.2225347,-0.11110199
1.4149092,-0.17387888,-0.9820633,-1.0643425,-0.04964543
1.4942123,-0.19582266,-1.0155528,-1.2332991,-0.113507606
1.4149092,-0.17387888,-0.9820633,-1.0643425,-0.04964543
-4.753876,-1.4871633,-0.033768535,-3.6730952,-0.16260818
1.4149092,-0.17387888,-0.9820633,-1.0643425,-0.04964543
13.668523,-0.16449463,-7.248931,-7.445072,-25.293184
1.4154848,-0.17399251,-0.98269504,-1.0638331,-0.050372384
-0.5081362,-0.3922733,-3.402795,0.11521364,-3.1653109
1.4154848,-0.17399251,-0.98269504,-1.0638331,-0.050372384
1.4942123,-0.19582266,-1.0155528,-1.2332991,-0.113507606
4.110547,5.501092,-19.490456,-3.205084,1.55621
